Unnamed: 0,product,title,content,date,author,rating,url,sentiment
749,Intel i3-10105F 3.7 GHz Upto 3.7 GHz LGA 1200 Socket 4 Cores 8 Threads Desktop Processor Reviews,wow,retailnet trusted seller buy without doubt,2/1/2023,sandE .,5,https://www.flipkart.com/intel-i3-10105f-3-7-ghz-upto-lga-1200-socket-4-cores-8-threads-desktop-processor/product-reviews/itm969854600ddd9?pid=PSRGCXCN3SMGTM6R&lid=LSTPSRGCXCN3SMGTM6RBILA3K&marketplace=FLIPKART,positive
508,Intel Core i7-13700K Gaming Desktop Processor 16 cores (8 P-cores + 8 E-cores) with Integrated Graphics - Unlocked,great cpu,super fast problem installing game light productivity thing issue overheating,9/1/2023,silly goose,5,https://www.amazon.com/Intel-i7-13700K-Desktop-Processor-P-cores/product-reviews/B0BCF57FL5/ref=cm_cr_getr_d_paging_btm_next_9?ie=UTF8&reviewerType=all_reviews&filterByStar=five_star&pageNumber=9,positive
556,Intel Core i5-13600KF Desktop Processor 14 cores (6 P-cores + 8 E-cores) - Unlocked,great performance,issue added system year cpu world better game smoother overall process faster iaaaaaam glad upgraded especially paired great upgrade option,5/1/2024,Clinton Peterson,1,https://www.amazon.com/Intel-i5-13600KF-Desktop-Processor-P-cores/product-reviews/B0BCF5CZ16/ref=cm_cr_arp_d_viewopt_sr?ie=UTF8&reviewerType=all_reviews&filterByStar=five_star&pageNumber=1,negative
465,Intel Core i7-13700K Gaming Desktop Processor 16 cores (8 P-cores + 8 E-cores) with Integrated Graphics - Unlocked,super fast run hot,super fast stable cpu note run hot higher voltage use made sure get nice aio coupled arctic freeze rarely get,11/1/2023,Mikhail E Merkurieff,5,https://www.amazon.com/Intel-i7-13700K-Desktop-Processor-P-cores/product-reviews/B0BCF57FL5/ref=cm_cr_getr_d_paging_btm_next_4?ie=UTF8&reviewerType=all_reviews&filterByStar=five_star&pageNumber=4,positive
144,Intel Core i7-12700KF Gaming Desktop Processor 12 (8P+4E) Cores up to 5.0 GHz Unlocked LGA1700 600 Series Chipset 125W,perfect,work well rtx minecraft shaders turned max,2/1/2024,Aaron tyus,5,https://www.amazon.com/Intel-i7-12700KF-Desktop-Processor-Unlocked/product-reviews/B09FXKHN7M/ref=cm_cr_getr_d_paging_btm_next_4?ie=UTF8&reviewerType=all_reviews&filterByStar=five_star&pageNumber=4,positive
17,"Intel Core I5 12400F 12 Gen Generation Desktop Pc Processor 6, CPU with 18Mb Cache and Up to 4.40 Ghz Clock Speed Ddr5 and Ddr4 Ram Support Lga 1700 Socket, Micro ATX",best value processor,good processor build low budget computer processor install separate graphic card display would also say installing cooler liquid cooler also important processor heat,10/1/2022,bharat kukadiya,5,https://www.amazon.in/Intel-Generation-Desktop-Processor-Warranty/product-reviews/B09MDFH5HY/ref=cm_cr_getr_d_paging_btm_next_3?ie=UTF8&reviewerType=all_reviews&pageNumber=3&filterByStar=five_star,positive
866,Intel Core i5-10400 10TH GENERATION 3 GHz Upto 4.3 GHz LGA 1200 Socket 6 Cores 12 Threads 12 MB Smart Cache Desktop Processor Reviews,simply awesome,prosno additional graphic card requiredbest entry mid level gamersstock cooler work fineoriginal product genuine intel seal warrantycountry origin vietnamconsno clocking allowed base clock speed ghzon use graphic card additional pump cooler required,6/1/2021,Satya Prakash Mishra,5,https://www.flipkart.com/intel-core-i5-10400-10th-generation-3-ghz-upto-4-3-lga-1200-socket-6-cores-12-threads-mb-smart-cache-desktop-processor/product-reviews/itma5329f085c3ad?pid=PSRFTYA2E9AGFBNE&lid=LSTPSRFTYA2E9AGFBNEIHP4FO&marketplace=FLIPKART,positive
152,Intel Core i7-12700KF Gaming Desktop Processor 12 (8P+4E) Cores up to 5.0 GHz Unlocked LGA1700 600 Series Chipset 125W,work great,better buy new computer compatible old one thanks,1/1/2024,Amazon Customer,5,https://www.amazon.com/Intel-i7-12700KF-Desktop-Processor-Unlocked/product-reviews/B09FXKHN7M/ref=cm_cr_getr_d_paging_btm_next_5?ie=UTF8&reviewerType=all_reviews&filterByStar=five_star&pageNumber=5,positive
169,Intel Core i7-12700KF Gaming Desktop Processor 12 (8P+4E) Cores up to 5.0 GHz Unlocked LGA1700 600 Series Chipset 125W,powerful cpu,work really great havenaaaaaat tried volt iaaaaaam sure could get ghz run pretty hot make sure get least rad pretty good tower cooler would recommend,7/1/2023,Cory,5,https://www.amazon.com/Intel-i7-12700KF-Desktop-Processor-Unlocked/product-reviews/B09FXKHN7M/ref=cm_cr_getr_d_paging_btm_next_8?ie=UTF8&reviewerType=all_reviews&filterByStar=five_star&pageNumber=8,positive
326,Intel Core i9-12900K Gaming Desktop Processor with Integrated Graphics and 16 (8P+8E) Cores up to 5.2 GHz Unlocked LGA1700 600 Series Chipset 125W,connector pin chip,thin film donaaaaaat know receives electricity signal socket motherboard probably similar wireless charging least protects pin likely damage handling cpu build cpu second mot expensive component buildother increase core count speed couple gen ssd rtx everything else slow,8/1/2022,Sqoopi,5,https://www.amazon.com/Intel-i9-12900K-Desktop-Processor-Unlocked/product-reviews/B09FXDLX95/ref=cm_cr_getr_d_paging_btm_next_4?ie=UTF8&reviewerType=all_reviews&filterByStar=five_star&pageNumber=4,positive
142,Intel Core i7-12700KF Gaming Desktop Processor 12 (8P+4E) Cores up to 5.0 GHz Unlocked LGA1700 600 Series Chipset 125W,outstanding performance,lost word even right gen already market great choice still want core cpu multitasking make sure get really good trustworthy plus gold psu higher take good care graphic card chip integrated graphic,1/1/2024,Clariangeluz Montero,5,https://www.amazon.com/Intel-i7-12700KF-Desktop-Processor-Unlocked/product-reviews/B09FXKHN7M/ref=cm_cr_getr_d_paging_btm_next_4?ie=UTF8&reviewerType=all_reviews&filterByStar=five_star&pageNumber=4,neutral
159,Intel Core i7-12700KF Gaming Desktop Processor 12 (8P+4E) Cores up to 5.0 GHz Unlocked LGA1700 600 Series Chipset 125W,better condition,processor terrific run well asus prime running gaming boost ghz must say gave right performance gaming love,11/1/2023,bilal waheed,5,https://www.amazon.com/Intel-i7-12700KF-Desktop-Processor-Unlocked/product-reviews/B09FXKHN7M/ref=cm_cr_getr_d_paging_btm_next_7?ie=UTF8&reviewerType=all_reviews&filterByStar=five_star&pageNumber=7,positive
927,Intel I7 3770 3.9 GHz LGA 1155 Socket 4 Cores Desktop Processor Reviews,perfect product,best processorno heating issue seller providing good processor affordable price,11/1/2022,Archana Gupta,5,https://www.flipkart.com/intel-i7-3770-3-9-ghz-lga-1155-socket-4-cores-desktop-processor/product-reviews/itmfa5j4jcma4px6?pid=PSRGF95SWGAVTFDG&lid=LSTPSRGF95SWGAVTFDGNRJFLY&marketplace=FLIPKART&page=2,positive
70,"IntelÃÂÃÂ® CoreÃÂ¢ÃÂÃÂ¢ 12th Gen i3-12100F desktop processor, featuring PCIe Gen 5.0 & 4.0 support, DDR5 and DDR4 support. Discrete graphics required.",good processor,good processor office game,2/1/2024,IsaÃÂÃÂ­as M.,5,https://www.amazon.com/i3-12100F-processor-featuring-support-required/product-reviews/B09NPJX7PV/ref=cm_cr_getr_d_paging_btm_next_3?ie=UTF8&reviewerType=all_reviews&filterByStar=five_star&pageNumber=3,positive
96,"IntelÃÂÃÂ® CoreÃÂ¢ÃÂÃÂ¢ 12th Gen i3-12100F desktop processor, featuring PCIe Gen 5.0 & 4.0 support, DDR5 and DDR4 support. Discrete graphics required.",reliable fast,gift built grandson reliable fast gaming need good value like name brand,1/1/2023,AzNani,5,https://www.amazon.com/i3-12100F-processor-featuring-support-required/product-reviews/B09NPJX7PV/ref=cm_cr_getr_d_paging_btm_next_8?ie=UTF8&reviewerType=all_reviews&filterByStar=five_star&pageNumber=8,positive
336,Intel Core i9-12900K Gaming Desktop Processor with Integrated Graphics and 16 (8P+8E) Cores up to 5.2 GHz Unlocked LGA1700 600 Series Chipset 125W,price performance,found sale gen comparable price mean review writes couldnaaaaaat excited get great cpu competitive price,2/1/2023,Emma,5,https://www.amazon.com/Intel-i9-12900K-Desktop-Processor-Unlocked/product-reviews/B09FXDLX95/ref=cm_cr_getr_d_paging_btm_next_5?ie=UTF8&reviewerType=all_reviews&filterByStar=five_star&pageNumber=5,negative
157,Intel Core i7-12700KF Gaming Desktop Processor 12 (8P+4E) Cores up to 5.0 GHz Unlocked LGA1700 600 Series Chipset 125W,great cpu,powerful dependable cpu,1/1/2024,C Rogers,5,https://www.amazon.com/Intel-i7-12700KF-Desktop-Processor-Unlocked/product-reviews/B09FXKHN7M/ref=cm_cr_getr_d_paging_btm_next_6?ie=UTF8&reviewerType=all_reviews&filterByStar=five_star&pageNumber=6,positive
583,Intel Core i5-13600KF Desktop Processor 14 cores (6 P-cores + 8 E-cores) - Unlocked,great cpu consider getting one integrated graphic,great cpu bought one instead intel core integrated graphic computer built dedicated graphic card decided save little get integrated graphic today problem graphic card use replace graphic card recommend spending cpu integrated graphic problem happens still use,6/1/2023,Zachary Cox,5,https://www.amazon.com/Intel-i5-13600KF-Desktop-Processor-P-cores/product-reviews/B0BCF5CZ16/ref=cm_cr_getr_d_paging_btm_next_4?ie=UTF8&reviewerType=all_reviews&filterByStar=five_star&pageNumber=4,positive
482,Intel Core i7-13700K Gaming Desktop Processor 16 cores (8 P-cores + 8 E-cores) with Integrated Graphics - Unlocked,nice processor,run like champ,12/1/2023,Donald,5,https://www.amazon.com/Intel-i7-13700K-Desktop-Processor-P-cores/product-reviews/B0BCF57FL5/ref=cm_cr_getr_d_paging_btm_next_6?ie=UTF8&reviewerType=all_reviews&filterByStar=five_star&pageNumber=6,positive
365,Intel Core i9-12900K Gaming Desktop Processor with Integrated Graphics and 16 (8P+8E) Cores up to 5.2 GHz Unlocked LGA1700 600 Series Chipset 125W,gen tech didnaaaaaat impressaaaaaaaaaaaaaaaaaauntil recently,bought asus gaming board wasnaaaaaat impressive compared similar core setup worth upgrading unless gen older system opinion great ddr support isnaaaaaat really impressive either love intel feel like bottleneck processor past gensupdateand asus totally redeemed new biosupdate setup way nice feel like got money worth know early adopter always bump bruise get finish line,2/1/2022,ComTek Chris,5,https://www.amazon.com/Intel-i9-12900K-Desktop-Processor-Unlocked/product-reviews/B09FXDLX95/ref=cm_cr_getr_d_paging_btm_next_10?ie=UTF8&reviewerType=all_reviews&filterByStar=five_star&pageNumber=10,positive
594,Intel Core i5-13600KF Desktop Processor 14 cores (6 P-cores + 8 E-cores) - Unlocked,chip budget gaming system,star blow change rebkew lol,7/1/2023,Dennis D Sink,5,https://www.amazon.com/Intel-i5-13600KF-Desktop-Processor-P-cores/product-reviews/B0BCF5CZ16/ref=cm_cr_getr_d_paging_btm_next_5?ie=UTF8&reviewerType=all_reviews&filterByStar=five_star&pageNumber=5,positive
890,Intel i5-13600K 2.6 GHz LGA1700 Socket 6 Cores Desktop Processor Reviews,great product,cheapest price working great upgraded dual core ghz performance unmatched price,2/1/2023,RONIE,5,https://www.flipkart.com/intel-i5-13600k-2-6-ghz-lga1700-socket-6-cores-desktop-processor/product-reviews/itm14dc08749bcce?pid=PSRGJUC2TYVPJ74K&lid=LSTPSRGJUC2TYVPJ74KD0SJRM&marketplace=FLIPKART,positive
320,Intel Core i9-12900K Gaming Desktop Processor with Integrated Graphics and 16 (8P+8E) Cores up to 5.2 GHz Unlocked LGA1700 600 Series Chipset 125W,love,going took one half price tell love thank,9/1/2023,BUTTAWORLD,5,https://www.amazon.com/Intel-i9-12900K-Desktop-Processor-Unlocked/product-reviews/B09FXDLX95/ref=cm_cr_getr_d_paging_btm_next_3?ie=UTF8&reviewerType=all_reviews&filterByStar=five_star&pageNumber=3,positive
91,"IntelÃÂÃÂ® CoreÃÂ¢ÃÂÃÂ¢ 12th Gen i3-12100F desktop processor, featuring PCIe Gen 5.0 & 4.0 support, DDR5 and DDR4 support. Discrete graphics required.",thing absolute unit,use partnered noctua redux cpu cooler run flight sim aaaac around fps got pcaaaaaas tell really good cpu start,10/1/2022,john,5,https://www.amazon.com/i3-12100F-processor-featuring-support-required/product-reviews/B09NPJX7PV/ref=cm_cr_getr_d_paging_btm_next_7?ie=UTF8&reviewerType=all_reviews&filterByStar=five_star&pageNumber=7,positive
634,Intel Core i9-13900K Desktop Processor 24 (8 P-cores + 16 E-cores) with Integrated Graphics - Unlocked,clock risk,bought two amazon one another vendor failed post worked first time need core game game use core max probably video editing benefit extra core intel support xmp extreme memory profile processor unlocked overclocked overclocking increase power consumption heat therefore one need robust cooling solution overclocking void warranty strange since intel allows even promotes overclocking intel extreme tuning utility nzxt kraken rgb liquid cooler nzxt cam software see cpu gpu temperature control fan speed reducing risk damaging processor idling ghz cpu temperature load overclocked temperature pro good video editing con bit pricey gaming computer overclock without monitoring temperature keep,2/1/2023,Pierre Aubert Espenan,5,https://www.amazon.com/Intel-i9-13900K-Desktop-Processor-P-cores/product-reviews/B0BCF54SR1/ref=cm_cr_getr_d_paging_btm_next_2?ie=UTF8&reviewerType=all_reviews&filterByStar=five_star&pageNumber=2,positive
2,"Intel Core I5 12400F 12 Gen Generation Desktop Pc Processor 6, CPU with 18Mb Cache and Up to 4.40 Ghz Clock Speed Ddr5 and Ddr4 Ram Support Lga 1700 Socket, Micro ATX",highest price performance processor gaming,upgrade performance gain huge use cooler master hyper cbinet intake exhaust fan temp never cross aaaac even full load stress test efficiency processor incredible run volt never reach even multi core stress testif building mid range gaming purpose cpu consider price point nothing beat processor,3/1/2024,Hruaia,5,https://www.amazon.in/Intel-Generation-Desktop-Processor-Warranty/product-reviews/B09MDFH5HY/ref=cm_cr_arp_d_viewopt_sr?ie=UTF8&reviewerType=all_reviews&pageNumber=1&filterByStar=five_star,positive
483,Intel Core i7-13700K Gaming Desktop Processor 16 cores (8 P-cores + 8 E-cores) with Integrated Graphics - Unlocked,plenty power,never problem intel cpu running year get price double core threadsyou really wrong intel glad got even newer stuff come positive future proof many year come placed userbenchmarks,8/1/2023,Robert S.,5,https://www.amazon.com/Intel-i7-13700K-Desktop-Processor-P-cores/product-reviews/B0BCF57FL5/ref=cm_cr_getr_d_paging_btm_next_6?ie=UTF8&reviewerType=all_reviews&filterByStar=five_star&pageNumber=6,positive
62,"IntelÃÂÃÂ® CoreÃÂ¢ÃÂÃÂ¢ 12th Gen i3-12100F desktop processor, featuring PCIe Gen 5.0 & 4.0 support, DDR5 and DDR4 support. Discrete graphics required.",,work well low end gaming paired love,4/1/2024,Lori Ignacio,5,https://www.amazon.com/i3-12100F-processor-featuring-support-required/product-reviews/B09NPJX7PV/ref=cm_cr_getr_d_paging_btm_prev_1?ie=UTF8&reviewerType=all_reviews&filterByStar=five_star&pageNumber=1,positive
465,Intel Core i7-13700K Gaming Desktop Processor 16 cores (8 P-cores + 8 E-cores) with Integrated Graphics - Unlocked,super fast run hot,super fast stable cpu note run hot higher voltage use made sure get nice aio coupled arctic freeze rarely get,11/1/2023,Mikhail E Merkurieff,5,https://www.amazon.com/Intel-i7-13700K-Desktop-Processor-P-cores/product-reviews/B0BCF57FL5/ref=cm_cr_getr_d_paging_btm_next_4?ie=UTF8&reviewerType=all_reviews&filterByStar=five_star&pageNumber=4,positive
867,Intel Core i5-10400 10TH GENERATION 3 GHz Upto 4.3 GHz LGA 1200 Socket 6 Cores 12 Threads 12 MB Smart Cache Desktop Processor Reviews,best market,work flawlesslymust buy processor rather buying amd core thread make rendering editing work fastermy game run smoothly super ultra setting,6/1/2021,ACHIN SHAH,5,https://www.flipkart.com/intel-core-i5-10400-10th-generation-3-ghz-upto-4-3-lga-1200-socket-6-cores-12-threads-mb-smart-cache-desktop-processor/product-reviews/itma5329f085c3ad?pid=PSRFTYA2E9AGFBNE&lid=LSTPSRFTYA2E9AGFBNEIHP4FO&marketplace=FLIPKART,positive
742,Intel i3-10105F 3.7 GHz Upto 3.7 GHz LGA 1200 Socket 4 Cores 8 Threads Desktop Processor Reviews,mindblowing purchase,think great processor problem flipkart need improve packaging important part build delivered nice protection got processor box paper package give kardbord packing,11/1/2022,Manoj Chopade,5,https://www.flipkart.com/intel-i3-10105f-3-7-ghz-upto-lga-1200-socket-4-cores-8-threads-desktop-processor/product-reviews/itm969854600ddd9?pid=PSRGCXCN3SMGTM6R&lid=LSTPSRGCXCN3SMGTM6RBILA3K&marketplace=FLIPKART,positive
255,Intel Core i5-12600K Desktop Processor with Integrated Graphics and 10 (6P+4E) Cores up to 4.9 GHz Unlocked LGA1700 600 Series Chipset 125W,excellent,work pretty good,2/1/2024,Carlos Eduardo Hernandez,5,https://www.amazon.com/Intel-i5-12600K-Desktop-Processor-Unlocked/product-reviews/B09FX4D72T/ref=cm_cr_getr_d_paging_btm_next_7?ie=UTF8&reviewerType=all_reviews&filterByStar=five_star&pageNumber=7,positive
214,Intel Core i5-12600K Desktop Processor with Integrated Graphics and 10 (6P+4E) Cores up to 4.9 GHz Unlocked LGA1700 600 Series Chipset 125W,amazing cpu thr price,upgraded sooooo much faster def get nicer ddr board upgrade gen drop nice,4/1/2024,Kyl,5,https://www.amazon.com/Intel-i5-12600K-Desktop-Processor-Unlocked/product-reviews/B09FX4D72T/ref=cm_cr_arp_d_viewopt_sr?ie=UTF8&reviewerType=all_reviews&filterByStar=five_star&pageNumber=1,positive
145,Intel Core i7-12700KF Gaming Desktop Processor 12 (8P+4E) Cores up to 5.0 GHz Unlocked LGA1700 600 Series Chipset 125W,huge step,running platform since upgrade well worth,2/1/2024,Alex Rasmussen,5,https://www.amazon.com/Intel-i7-12700KF-Desktop-Processor-Unlocked/product-reviews/B09FXKHN7M/ref=cm_cr_getr_d_paging_btm_next_4?ie=UTF8&reviewerType=all_reviews&filterByStar=five_star&pageNumber=4,positive
554,Intel Core i5-13600KF Desktop Processor 14 cores (6 P-cores + 8 E-cores) - Unlocked,coming,fence upgrading beast cpu pro con spec rtx ddr gigabyte mobo fury ram black ssd gen prosmore coresnoticeably faster area like booting applicationssome triple gpu bound game get noticeable fps boost huge talking mostcpu bound game emulator get much better stability cpu usage reductionconsif looking energy efficiency gen higher chip core mean energy draw sure triple game chip using watt electricity emulator like rpcs itaaaaaas nearly double went watt average average instance spiked good thing emulator much gpu bound wattage balance sort ofheat iaaaaaam running aio lian galahad nearly always running room temp house get lot shade stay coolcold used range see degree increase even idle emulator get triple game fan curve rarely ever triggered high fan speed gen definitely hear fan work loadside note tried two mobos use older compatible mobos need flash bios latest super easy gigabyte mobooverall performance jump noticeable game far noticeable increase heat wattage usage gen fence really donaaaaaat need upgrade however depending could main factor wanted rpcs run fps constantly trick playing gun patriot stable unreal,4/1/2024,Amazon Customer,5,https://www.amazon.com/Intel-i5-13600KF-Desktop-Processor-P-cores/product-reviews/B0BCF5CZ16/ref=cm_cr_arp_d_viewopt_sr?ie=UTF8&reviewerType=all_reviews&filterByStar=five_star&pageNumber=1,positive
259,Intel Core i5-12600K Desktop Processor with Integrated Graphics and 10 (6P+4E) Cores up to 4.9 GHz Unlocked LGA1700 600 Series Chipset 125W,great midtier cpu long price right,long overpay great cpu price video editing photo processing programming modeling etc help decent cpu well plenty fast ram cpu mid good price one beat option range end may better option right best cpu find price also ddr option cpu useful lot video editing similar task,7/1/2023,Anonymous,5,https://www.amazon.com/Intel-i5-12600K-Desktop-Processor-Unlocked/product-reviews/B09FX4D72T/ref=cm_cr_getr_d_paging_btm_next_7?ie=UTF8&reviewerType=all_reviews&filterByStar=five_star&pageNumber=7,positive
501,Intel Core i7-13700K Gaming Desktop Processor 16 cores (8 P-cores + 8 E-cores) with Integrated Graphics - Unlocked,paired rtx wow,thing beast cpu mine paired work good originally thought wanted really worth price difference highly recommend,8/1/2023,Brantley Rockwell,5,https://www.amazon.com/Intel-i7-13700K-Desktop-Processor-P-cores/product-reviews/B0BCF57FL5/ref=cm_cr_getr_d_paging_btm_next_8?ie=UTF8&reviewerType=all_reviews&filterByStar=five_star&pageNumber=8,positive
325,Intel Core i9-12900K Gaming Desktop Processor with Integrated Graphics and 16 (8P+8E) Cores up to 5.2 GHz Unlocked LGA1700 600 Series Chipset 125W,cpu,great price easy install,9/1/2023,babyhef62,5,https://www.amazon.com/Intel-i9-12900K-Desktop-Processor-Unlocked/product-reviews/B09FXDLX95/ref=cm_cr_getr_d_paging_btm_next_4?ie=UTF8&reviewerType=all_reviews&filterByStar=five_star&pageNumber=4,positive
917,Intel I7 3770 3.9 GHz LGA 1155 Socket 4 Cores Desktop Processor Reviews,terrific,pacaging good obviously used product working fine ultimate upgrade motherboards upgraded bios,10/1/2022,Anupam Tripathi,5,https://www.flipkart.com/intel-i7-3770-3-9-ghz-lga-1155-socket-4-cores-desktop-processor/product-reviews/itmfa5j4jcma4px6?pid=PSRGF95SWGAVTFDG&lid=LSTPSRGF95SWGAVTFDGNRJFLY&marketplace=FLIPKART,positive
585,Intel Core i5-13600KF Desktop Processor 14 cores (6 P-cores + 8 E-cores) - Unlocked,intel excellence reliability,using intel personal system despite ryzen compelling competitor keep coming back intel cpu performs great gaming well moderate blender premiere pro workload temp nice undervolting lost performance cpu run cooler efficiently,8/1/2023,Maria D Casas Ramirez,5,https://www.amazon.com/Intel-i5-13600KF-Desktop-Processor-P-cores/product-reviews/B0BCF5CZ16/ref=cm_cr_getr_d_paging_btm_next_4?ie=UTF8&reviewerType=all_reviews&filterByStar=five_star&pageNumber=4,positive
426,"Intel Core i3 (12th Gen) i3-12100 Quad-core (4 Core) 3.30 GHz Processor - Retail Pack, Blue",title,picked sale good priceit work great,1/1/2024,bruce,5,https://www.amazon.com/Intel-Core-i3-12100-Quad-core-Processor/product-reviews/B09NPHJLPT/ref=cm_cr_getr_d_paging_btm_next_6?ie=UTF8&reviewerType=all_reviews&filterByStar=five_star&pageNumber=6,positive
854,Intel i5-12600K 4.9 GHz Upto 4.9 GHz LGA1700 Socket 10 Cores 16 Threads Desktop Processor Reviews,highly recommended,original product box came sealed tested everything processor genuine ddr memory maximum frequency processor support mhz,7/1/2022,Harshit Bhalla,5,https://www.flipkart.com/intel-i5-12600k-4-9-ghz-upto-lga1700-socket-10-cores-16-threads-desktop-processor/product-reviews/itm6c7a07d5d0ae8?pid=PSRGCVGBGPYNA7VD&lid=LSTPSRGCVGBGPYNA7VD7MS1JZ&marketplace=FLIPKART,positive
994,Intel I7-11700F 2.5 GHz Upto 2.5 GHz LGA 1200 Socket 8 Cores 16 Threads Desktop Processor Reviews,mindblowing purchase,performance good,7/1/2022,Smitadeep Das,5,https://www.flipkart.com/intel-i7-11700f-2-5-ghz-upto-lga-1200-socket-8-cores-16-threads-desktop-processor/product-reviews/itm216cb92df5f93?pid=PSRG96VGQYAYRHWJ&lid=LSTPSRG96VGQYAYRHWJPKEC3M&marketplace=FLIPKART,positive
152,Intel Core i7-12700KF Gaming Desktop Processor 12 (8P+4E) Cores up to 5.0 GHz Unlocked LGA1700 600 Series Chipset 125W,work great,better buy new computer compatible old one thanks,1/1/2024,Amazon Customer,5,https://www.amazon.com/Intel-i7-12700KF-Desktop-Processor-Unlocked/product-reviews/B09FXKHN7M/ref=cm_cr_getr_d_paging_btm_next_5?ie=UTF8&reviewerType=all_reviews&filterByStar=five_star&pageNumber=5,positive
592,Intel Core i5-13600KF Desktop Processor 14 cores (6 P-cores + 8 E-cores) - Unlocked,ohhhh yea,fast shipping zero issue chip exceeded expectation quiet lot prime water cooling thing stay ghz water cooling throttling game never come close temp stay turbo put asus cooler,2/1/2023,Christopher Durham,5,https://www.amazon.com/Intel-i5-13600KF-Desktop-Processor-P-cores/product-reviews/B0BCF5CZ16/ref=cm_cr_getr_d_paging_btm_next_5?ie=UTF8&reviewerType=all_reviews&filterByStar=five_star&pageNumber=5,positive
568,Intel Core i5-13600KF Desktop Processor 14 cores (6 P-cores + 8 E-cores) - Unlocked,christmas present son,writing review christmas present son specifiedand looking son,2/1/2024,PDouglas,5,https://www.amazon.com/Intel-i5-13600KF-Desktop-Processor-P-cores/product-reviews/B0BCF5CZ16/ref=cm_cr_getr_d_paging_btm_next_2?ie=UTF8&reviewerType=all_reviews&filterByStar=five_star&pageNumber=2,positive
1042,Intel i5-13600KF 2.6 GHz LGA1700 Socket 6 Cores Desktop Processor Reviews,great product,purchase best cpu great power great performance,4/1/2023,Rashid Saifi,5,https://www.flipkart.com/intel-i5-13600kf-2-6-ghz-lga1700-socket-6-cores-desktop-processor/product-reviews/itm9e276df391e0f?pid=PSRGJUC28GSAKUHQ&lid=LSTPSRGJUC28GSAKUHQFBVDGU&marketplace=FLIPKART,positive
225,Intel Core i5-12600K Desktop Processor with Integrated Graphics and 10 (6P+4E) Cores up to 4.9 GHz Unlocked LGA1700 600 Series Chipset 125W,game popular,article useful,4/1/2024,Jesus ferrera,5,https://www.amazon.com/Intel-i5-12600K-Desktop-Processor-Unlocked/product-reviews/B09FX4D72T/ref=cm_cr_getr_d_paging_btm_next_2?ie=UTF8&reviewerType=all_reviews&filterByStar=five_star&pageNumber=2,positive
667,Intel Core i9-13900K Desktop Processor 24 (8 P-cores + 16 E-cores) with Integrated Graphics - Unlocked,powerful processor handle everything,thing get warm aio cooler custom liquid cooling setup almost must handle gaming rendering wonderfully bit expensive hard say worth,3/1/2023,Anastasia Steele,5,https://www.amazon.com/Intel-i9-13900K-Desktop-Processor-P-cores/product-reviews/B0BCF54SR1/ref=cm_cr_getr_d_paging_btm_next_9?ie=UTF8&reviewerType=all_reviews&filterByStar=five_star&pageNumber=9,positive
407,"Intel Core i3 (12th Gen) i3-12100 Quad-core (4 Core) 3.30 GHz Processor - Retail Pack, Blue",affordable intel cpu built graphic,work great msi mobo,12/1/2023,A.J. Vera,5,https://www.amazon.com/Intel-Core-i3-12100-Quad-core-Processor/product-reviews/B09NPHJLPT/ref=cm_cr_getr_d_paging_btm_next_2?ie=UTF8&reviewerType=all_reviews&filterByStar=five_star&pageNumber=2,positive
585,Intel Core i5-13600KF Desktop Processor 14 cores (6 P-cores + 8 E-cores) - Unlocked,intel excellence reliability,using intel personal system despite ryzen compelling competitor keep coming back intel cpu performs great gaming well moderate blender premiere pro workload temp nice undervolting lost performance cpu run cooler efficiently,8/1/2023,Maria D Casas Ramirez,5,https://www.amazon.com/Intel-i5-13600KF-Desktop-Processor-P-cores/product-reviews/B0BCF5CZ16/ref=cm_cr_getr_d_paging_btm_next_4?ie=UTF8&reviewerType=all_reviews&filterByStar=five_star&pageNumber=4,positive
237,Intel Core i5-12600K Desktop Processor with Integrated Graphics and 10 (6P+4E) Cores up to 4.9 GHz Unlocked LGA1700 600 Series Chipset 125W,intelaaaaaas best bang buck,priced simply wrong cpu powerful chip manageable thermal socket also compatible even newest intel cpu choose upgrade,1/1/2024,Amazonian,5,https://www.amazon.com/Intel-i5-12600K-Desktop-Processor-Unlocked/product-reviews/B09FX4D72T/ref=cm_cr_getr_d_paging_btm_next_4?ie=UTF8&reviewerType=all_reviews&filterByStar=five_star&pageNumber=4,positive
259,Intel Core i5-12600K Desktop Processor with Integrated Graphics and 10 (6P+4E) Cores up to 4.9 GHz Unlocked LGA1700 600 Series Chipset 125W,great midtier cpu long price right,long overpay great cpu price video editing photo processing programming modeling etc help decent cpu well plenty fast ram cpu mid good price one beat option range end may better option right best cpu find price also ddr option cpu useful lot video editing similar task,7/1/2023,Anonymous,5,https://www.amazon.com/Intel-i5-12600K-Desktop-Processor-Unlocked/product-reviews/B09FX4D72T/ref=cm_cr_getr_d_paging_btm_next_7?ie=UTF8&reviewerType=all_reviews&filterByStar=five_star&pageNumber=7,positive
846,Intel i5-12400F 4.4 GHz Upto 4.4 GHz LGA1700 Socket 6 Cores 12 Threads Desktop Processor Reviews,fabulous,building game need overexpand high end cpu,2/1/2023,Surendra  Kushmariya,5,https://www.flipkart.com/intel-i5-12400f-4-4-ghz-upto-lga1700-socket-6-cores-12-threads-desktop-processor/product-reviews/itm993ef4265cddc?pid=PSRGCVGB9FH9HWMX&lid=LSTPSRGCVGB9FH9HWMXZ7UKNW&marketplace=FLIPKART&page=10,positive
508,Intel Core i7-13700K Gaming Desktop Processor 16 cores (8 P-cores + 8 E-cores) with Integrated Graphics - Unlocked,great cpu,super fast problem installing game light productivity thing issue overheating,9/1/2023,silly goose,5,https://www.amazon.com/Intel-i7-13700K-Desktop-Processor-P-cores/product-reviews/B0BCF57FL5/ref=cm_cr_getr_d_paging_btm_next_9?ie=UTF8&reviewerType=all_reviews&filterByStar=five_star&pageNumber=9,positive
514,Intel Core i7-13700K Gaming Desktop Processor 16 cores (8 P-cores + 8 E-cores) with Integrated Graphics - Unlocked,perfect gaming setup,work intended using msi mag tomohawk board upgraded bio update installing new cpu,6/1/2023,JKL,5,https://www.amazon.com/Intel-i7-13700K-Desktop-Processor-P-cores/product-reviews/B0BCF57FL5/ref=cm_cr_getr_d_paging_btm_next_10?ie=UTF8&reviewerType=all_reviews&filterByStar=five_star&pageNumber=10,positive
233,Intel Core i5-12600K Desktop Processor with Integrated Graphics and 10 (6P+4E) Cores up to 4.9 GHz Unlocked LGA1700 600 Series Chipset 125W,great gaming,bought together arc new build mainboard use asus prime bma wifi tested cpu cinebench using watt temperature single tower cooler extra fan also mainboard cool using video game like far,1/1/2024,Koki,5,https://www.amazon.com/Intel-i5-12600K-Desktop-Processor-Unlocked/product-reviews/B09FX4D72T/ref=cm_cr_getr_d_paging_btm_next_4?ie=UTF8&reviewerType=all_reviews&filterByStar=five_star&pageNumber=4,positive
1045,Intel Core i5-10400 10TH GENERATION 3 GHz Upto 4.3 GHz LGA 1200 Socket 6 Cores 12 Threads 12 MB Smart Cache Desktop Processor Reviews,best market,work flawlesslymust buy processor rather buying amd core thread make rendering editing work fastermy game run smoothly super ultra setting,6/1/2021,ACHIN SHAH,5,https://www.flipkart.com/intel-core-i5-10400-10th-generation-3-ghz-upto-4-3-lga-1200-socket-6-cores-12-threads-mb-smart-cache-desktop-processor/product-reviews/itma5329f085c3ad?pid=PSRFTYA2E9AGFBNE&lid=LSTPSRFTYA2E9AGFBNEIHP4FO&marketplace=FLIPKART,positive
564,Intel Core i5-13600KF Desktop Processor 14 cores (6 P-cores + 8 E-cores) - Unlocked,great value,cpu low priced beast stunning performance mean cmon great value great chip cpu enough power anything would definitely recommend,2/1/2024,Jayden Munroe,5,https://www.amazon.com/Intel-i5-13600KF-Desktop-Processor-P-cores/product-reviews/B0BCF5CZ16/ref=cm_cr_getr_d_paging_btm_next_2?ie=UTF8&reviewerType=all_reviews&filterByStar=five_star&pageNumber=2,positive
367,Intel Core i9-12900K Gaming Desktop Processor with Integrated Graphics and 16 (8P+8E) Cores up to 5.2 GHz Unlocked LGA1700 600 Series Chipset 125W,son love,bought year old son finally run battletoads nintendo wii unfortunately simply getting fps ingame wanted intel possible,11/1/2021,Danny,5,https://www.amazon.com/Intel-i9-12900K-Desktop-Processor-Unlocked/product-reviews/B09FXDLX95/ref=cm_cr_getr_d_paging_btm_next_10?ie=UTF8&reviewerType=all_reviews&filterByStar=five_star&pageNumber=10,positive
356,Intel Core i9-12900K Gaming Desktop Processor with Integrated Graphics and 16 (8P+8E) Cores up to 5.2 GHz Unlocked LGA1700 600 Series Chipset 125W,wanted best,want best get intel cpu music production dream come true,6/1/2022,WarrenGaum,5,https://www.amazon.com/Intel-i9-12900K-Desktop-Processor-Unlocked/product-reviews/B09FXDLX95/ref=cm_cr_getr_d_paging_btm_next_8?ie=UTF8&reviewerType=all_reviews&filterByStar=five_star&pageNumber=8,positive
502,Intel Core i7-13700K Gaming Desktop Processor 16 cores (8 P-cores + 8 E-cores) with Integrated Graphics - Unlocked,work expectrd,overclock cpu run hot easy install performance goodhugh improvement gen,8/1/2023,Michael Hatch,5,https://www.amazon.com/Intel-i7-13700K-Desktop-Processor-P-cores/product-reviews/B0BCF57FL5/ref=cm_cr_getr_d_paging_btm_next_8?ie=UTF8&reviewerType=all_reviews&filterByStar=five_star&pageNumber=8,positive
175,Intel Core i7-12700KF Gaming Desktop Processor 12 (8P+4E) Cores up to 5.0 GHz Unlocked LGA1700 600 Series Chipset 125W,run like champ,upgraded upgrade massive price performance amazing great gaming,4/1/2023,Jose Leon,5,https://www.amazon.com/Intel-i7-12700KF-Desktop-Processor-Unlocked/product-reviews/B09FXKHN7M/ref=cm_cr_getr_d_paging_btm_next_10?ie=UTF8&reviewerType=all_reviews&filterByStar=five_star&pageNumber=10,positive
265,Intel Core i5-12600K Desktop Processor with Integrated Graphics and 10 (6P+4E) Cores up to 4.9 GHz Unlocked LGA1700 600 Series Chipset 125W,absolute beast cpu,price performance offer great issue handling productivity gaming loadsbut pair great gpu rtx xti issue return able get item back,8/1/2023,Ranny,5,https://www.amazon.com/Intel-i5-12600K-Desktop-Processor-Unlocked/product-reviews/B09FX4D72T/ref=cm_cr_getr_d_paging_btm_next_9?ie=UTF8&reviewerType=all_reviews&filterByStar=five_star&pageNumber=9,positive
500,Intel Core i7-13700K Gaming Desktop Processor 16 cores (8 P-cores + 8 E-cores) with Integrated Graphics - Unlocked,absolute monster,far exceeded wildest expectation run like dream tearing thru anything throw even without overclock benchmark anl high level cinebench casually posting around multicore score even bothered overclock gaming fps breeze core performing well seen boost well past ghz needed core huge advancement taking strain core running background task fantastic processor highly recommended,2/1/2023,James Guerra,5,https://www.amazon.com/Intel-i7-13700K-Desktop-Processor-P-cores/product-reviews/B0BCF57FL5/ref=cm_cr_getr_d_paging_btm_next_8?ie=UTF8&reviewerType=all_reviews&filterByStar=five_star&pageNumber=8,positive
1016,Intel Core i7-3770 3.4 GHz Upto 3.9 GHz LGA 1155 Socket 4 Cores 8 Threads 8 MB Smart Cache Desktop Processor Reviews,perfect product,great performance expected appreciate,1/1/2021,Anish Sharma,5,https://www.flipkart.com/intel-core-i7-3770-3-4-ghz-upto-3-9-lga-1155-socket-4-cores-8-threads-mb-smart-cache-desktop-processor/product-reviews/itmd52175722a7c8?pid=PSRFA58CH6JGENSH&lid=LSTPSRFA58CH6JGENSHDVKIZY&marketplace=FLIPKART&page=2,positive
791,Intel i5-12400F 4.4 GHz Upto 4.4 GHz LGA1700 Socket 6 Cores 12 Threads Desktop Processor Reviews,must buy,good product aaaa,12/1/2022,Flipkart Customer,5,https://www.flipkart.com/intel-i5-12400f-4-4-ghz-upto-lga1700-socket-6-cores-12-threads-desktop-processor/product-reviews/itm993ef4265cddc?pid=PSRGCVGB9FH9HWMX&lid=LSTPSRGCVGB9FH9HWMXZ7UKNW&marketplace=FLIPKART&page=2,positive
617,Intel Core i9-13900K Desktop Processor 24 (8 P-cores + 16 E-cores) with Integrated Graphics - Unlocked,unleash gaming productivity intel core,rating aaaaaaaaaaaaaaaaaaaaaaaaaaaaaathe intel core gaming desktop processor powerhouse caters gamers professional offering exceptional performance flexibilitypros hybrid core design pcores performance core ecores efficiency core cpu offer versatility wide range task excels singlethreaded multithreaded application making suitable gaming productivity integrated graphic integrated graphic allow run system without dedicated gpu needed might ideal gaming itaaaaaas valuable backup troubleshooting dedicated gpu unavailable unlocked aaaaaaunlockedaaaaaa designation mean flexibility overclock cpu even performance provided compatible motherboard exceptional performance built performance high clock speed substantial number core thread handle demanding task without breaking sweat intel quality intel renowned quality reliability processor trust cpu built lastcons price highend performance come highend price processor may overkill user donaaaaaat require extreme performance budget constraintsin summary intel core gaming desktop processor beast cpu caters power user gamers professional require toptier performance combine hybrid core design integrated graphic making versatile choice various task price tag might intimidating youaaaaaare serious computing need want cpu handle processor excellent investment highly recommended enthusiast professional demand best,10/1/2023,Dustin,5,https://www.amazon.com/Intel-i9-13900K-Desktop-Processor-P-cores/product-reviews/B0BCF54SR1/ref=cm_cr_arp_d_viewopt_sr?ie=UTF8&reviewerType=all_reviews&filterByStar=five_star&pageNumber=1,positive
448,Intel Core i7-13700K Gaming Desktop Processor 16 cores (8 P-cores + 8 E-cores) with Integrated Graphics - Unlocked,good cpu,team blue guy think great cpu money currently running stable,5/1/2024,C G C,5,https://www.amazon.com/Intel-i7-13700K-Desktop-Processor-P-cores/product-reviews/B0BCF57FL5/ref=cm_cr_arp_d_viewopt_sr?ie=UTF8&reviewerType=all_reviews&filterByStar=five_star&pageNumber=1,positive
784,Intel i5-12400F 4.4 GHz Upto 4.4 GHz LGA1700 Socket 6 Cores 12 Threads Desktop Processor Reviews,best market,awesome product,1/1/2023,Krishna  Sharma,5,https://www.flipkart.com/intel-i5-12400f-4-4-ghz-upto-lga1700-socket-6-cores-12-threads-desktop-processor/product-reviews/itm993ef4265cddc?pid=PSRGCVGB9FH9HWMX&lid=LSTPSRGCVGB9FH9HWMXZ7UKNW&marketplace=FLIPKART,positive
648,Intel Core i9-13900K Desktop Processor 24 (8 P-cores + 16 E-cores) with Integrated Graphics - Unlocked,wow wow,know see cooler amazing cpu soo fast run like champ aio cooler using know fan would work well personally aio solid hour straight gaming crash amazed pleased,3/1/2023,ermacpd,5,https://www.amazon.com/Intel-i9-13900K-Desktop-Processor-P-cores/product-reviews/B0BCF54SR1/ref=cm_cr_getr_d_paging_btm_next_6?ie=UTF8&reviewerType=all_reviews&filterByStar=five_star&pageNumber=6,positive
755,Intel i3 (3240) 3rd Gen Processor for H61 Chipset Motherboards 3.4 GHz LGA 1155 Socket 2 Cores Desktop Processor Reviews,wow,packaging secure oem processorbut working perfect condition buy pair gtx play game like gta,7/1/2021,Flipkart Customer,5,https://www.flipkart.com/intel-i3-3240-3rd-gen-processor-h61-chipset-motherboards-3-4-ghz-lga-1155-socket-2-cores-desktop/product-reviews/itmda55d2582b950?pid=PSRFTEJ99FZUBTZ8&lid=LSTPSRFTEJ99FZUBTZ8TBMHRA&marketplace=FLIPKART&page=1,positive
74,"IntelÃÂÃÂ® CoreÃÂ¢ÃÂÃÂ¢ 12th Gen i3-12100F desktop processor, featuring PCIe Gen 5.0 & 4.0 support, DDR5 and DDR4 support. Discrete graphics required.",unbelievable performs well,price little quad core come really incredible sure quad core past well kind know mean ghz single core thread mean think mini gaming beast gaming capable card course reason moving core gen best believe though making another inexpensive upgrade spare make quality second machine visit home mom star,7/1/2023,Jose R.,5,https://www.amazon.com/i3-12100F-processor-featuring-support-required/product-reviews/B09NPJX7PV/ref=cm_cr_getr_d_paging_btm_next_3?ie=UTF8&reviewerType=all_reviews&filterByStar=five_star&pageNumber=3,positive
447,Intel Core i7-13700K Gaming Desktop Processor 16 cores (8 P-cores + 8 E-cores) with Integrated Graphics - Unlocked,great cpu wrong,previous build year abuse decided upgrade new build disappointed great cpu handling everything throw stay cool even without fancy aio liquid cooling setup process installing cpu socket fell place perfectly adjusting motherboard arm secure cpu socket feel put bit force would thought necessary clicked place running smoothly issue highly recommendedcomplete part listmsi mag tomahawk wifi lga atx motherboard matter pack way pin pwm fan splitter thermal paste cseries classic modmesh sleeved cable kit corsair vengeance ddr ram mhz dual geforce rtx white ddrx flow dualchamber midtower corsair rgb triple pack core rmx full modular atx psu pin usb header splitter cpu cooler evo plus nvme ssd,12/1/2023,LovEvos,5,https://www.amazon.com/Intel-i7-13700K-Desktop-Processor-P-cores/product-reviews/B0BCF57FL5/ref=cm_cr_arp_d_viewopt_sr?ie=UTF8&reviewerType=all_reviews&filterByStar=five_star&pageNumber=1,positive
79,"IntelÃÂÃÂ® CoreÃÂ¢ÃÂÃÂ¢ 12th Gen i3-12100F desktop processor, featuring PCIe Gen 5.0 & 4.0 support, DDR5 and DDR4 support. Discrete graphics required.",intel processor provides reliable performance affordable price,recently upgraded newest entry level intel processor impressed performance perfect everyday task like browsing web working document streaming video also surprisingly capable come demanding task like photo video editing overall think processor great value price would definitely recommend anyone need reliable affordable option,12/1/2022,Chris Lew,5,https://www.amazon.com/i3-12100F-processor-featuring-support-required/product-reviews/B09NPJX7PV/ref=cm_cr_getr_d_paging_btm_next_6?ie=UTF8&reviewerType=all_reviews&filterByStar=five_star&pageNumber=6,positive
485,Intel Core i7-13700K Gaming Desktop Processor 16 cores (8 P-cores + 8 E-cores) with Integrated Graphics - Unlocked,awesome processor,previously built gen gaming work relegating gen hobby ham radio year mobo started acting made decision build new computer gaming put gen hobbythe durable motherboard chose awesome handle fastest nvme drive fastest memory keep extremely high end video card really speak highly enough considered different brand gen two month honestly say could happierthank intel,3/1/2023,Emileigh,5,https://www.amazon.com/Intel-i7-13700K-Desktop-Processor-P-cores/product-reviews/B0BCF57FL5/ref=cm_cr_getr_d_paging_btm_next_6?ie=UTF8&reviewerType=all_reviews&filterByStar=five_star&pageNumber=6,positive
758,Intel Core i3-540 3.06 GHz LGA 1156 Socket 2 Cores 4 Threads 4 MB Smart Cache Desktop Processor Reviews,stable performer,processor good vfm performer using processor asus motherboard constantly run processor ghzthe run cool standard cooling fan temperature never exceeds highly stable,11/1/2011,Abdul Azeez Fahad,5,https://www.flipkart.com/intel-core-i3-540-3-06-ghz-lga-1156-socket-2-cores-4-threads-mb-smart-cache-desktop-processor/product-reviews/itmd2rysnnwes85p?pid=PSRFEFP9CDJEBYRT&lid=LSTPSRFEFP9CDJEBYRTKQLFIR&marketplace=FLIPKART,positive
90,"IntelÃÂÃÂ® CoreÃÂ¢ÃÂÃÂ¢ 12th Gen i3-12100F desktop processor, featuring PCIe Gen 5.0 & 4.0 support, DDR5 and DDR4 support. Discrete graphics required.",budget gaming king,used several gaming build great budget gaming cpu fact would step unless building rig level gpu anything suffice looking production might better option though,8/1/2022,Walkers Gaming PCs,5,https://www.amazon.com/i3-12100F-processor-featuring-support-required/product-reviews/B09NPJX7PV/ref=cm_cr_getr_d_paging_btm_next_7?ie=UTF8&reviewerType=all_reviews&filterByStar=five_star&pageNumber=7,positive
218,Intel Core i5-12600K Desktop Processor with Integrated Graphics and 10 (6P+4E) Cores up to 4.9 GHz Unlocked LGA1700 600 Series Chipset 125W,super recommended price,despite older generation play game put front great deal worth,4/1/2024,Manny,5,https://www.amazon.com/Intel-i5-12600K-Desktop-Processor-Unlocked/product-reviews/B09FX4D72T/ref=cm_cr_arp_d_viewopt_sr?ie=UTF8&reviewerType=all_reviews&filterByStar=five_star&pageNumber=1,positive
961,Intel I7 3770 3.4 GHz LGA 1155 Socket 4 Cores Desktop Processor Reviews,perfect product,best processorno heating issue seller providing good processor affordable price,11/1/2022,Archana Gupta,5,https://www.flipkart.com/intel-i7-3770-3-4-ghz-lga-1155-socket-4-cores-desktop-processor/product-reviews/itmfa5j4jcma4px6?pid=PSRGF5BUQ4ANYHXU&lid=LSTPSRGF5BUQ4ANYHXUH1OUV1&marketplace=FLIPKART&page=2,positive
656,Intel Core i9-13900K Desktop Processor 24 (8 P-cores + 16 E-cores) with Integrated Graphics - Unlocked,best best,thing shred gaming equal smooooooooth frametime graph compared noticeably stuttering hitching unreal engine unity game watch der bauer video efficiency power limit match eco mode better performance per watt,11/1/2022,Robert D,5,https://www.amazon.com/Intel-i9-13900K-Desktop-Processor-P-cores/product-reviews/B0BCF54SR1/ref=cm_cr_getr_d_paging_btm_next_8?ie=UTF8&reviewerType=all_reviews&filterByStar=five_star&pageNumber=8,positive
898,Intel Core i5-3570 3.4 GHz Upto 3.8 GHz LGA 1155 Socket 4 Cores 4 Threads 6 MB Smart Cache Desktop Processor Reviews,brilliant,satisfaction thank much,10/1/2020,Sunny Maity,5,https://www.flipkart.com/intel-core-i5-3570-3-4-ghz-upto-3-8-lga-1155-socket-4-cores-threads-6-mb-smart-cache-desktop-processor/product-reviews/itmdcvv2bbstzq8g?pid=PSRFCCYMNMFQTXEG&lid=LSTPSRFCCYMNMFQTXEGLEEHOR&marketplace=FLIPKART,positive
720,"Intel Core i5-13500 Desktop Processor 14 cores (6 P-cores + 8 E-cores) 24MB Cache, up to 4.8 GHz",great budget gaming build,cpu nobrainer budget gaming work well super easy install asrock,3/1/2024,John McQueen,5,https://www.amazon.com/Intel-i5-13500-Desktop-Processor-P-cores/product-reviews/B0BQ6CFDCX/ref=cm_cr_arp_d_viewopt_sr?ie=UTF8&reviewerType=all_reviews&filterByStar=five_star&pageNumber=1,positive
497,Intel Core i7-13700K Gaming Desktop Processor 16 cores (8 P-cores + 8 E-cores) with Integrated Graphics - Unlocked,great want,intels gen strong contender time around overkill needed work great gaming extra core make even better game streaming production workload like video editing little power hungry power overclock extremely well thanks efficiency core sitting idle run low power,4/1/2023,Apes_Vs_Grapes,5,https://www.amazon.com/Intel-i7-13700K-Desktop-Processor-P-cores/product-reviews/B0BCF57FL5/ref=cm_cr_getr_d_paging_btm_next_8?ie=UTF8&reviewerType=all_reviews&filterByStar=five_star&pageNumber=8,positive
3,"Intel Core I5 12400F 12 Gen Generation Desktop Pc Processor 6, CPU with 18Mb Cache and Up to 4.40 Ghz Clock Speed Ddr5 and Ddr4 Ram Support Lga 1700 Socket, Micro ATX",nice processor,best aaaaaaaa gaming multitasking processor price budget arround,4/1/2024,Mr.GeAr,5,https://www.amazon.in/Intel-Generation-Desktop-Processor-Warranty/product-reviews/B09MDFH5HY/ref=cm_cr_arp_d_viewopt_sr?ie=UTF8&reviewerType=all_reviews&pageNumber=1&filterByStar=five_star,positive
371,Intel Core i9-12900K Gaming Desktop Processor with Integrated Graphics and 16 (8P+8E) Cores up to 5.2 GHz Unlocked LGA1700 600 Series Chipset 125W,sweet,top notch performance packaging sure changed year aaaaaaaa easy install getting great clock speed motherboards built overclock function using aio collet getting idle room temp maxed extreme stress test got limit plenty headroom,7/1/2022,Kim Taylor,5,https://www.amazon.com/Intel-i9-12900K-Desktop-Processor-Unlocked/product-reviews/B09FXDLX95/ref=cm_cr_getr_d_paging_btm_next_10?ie=UTF8&reviewerType=all_reviews&filterByStar=five_star&pageNumber=10,positive
334,Intel Core i9-12900K Gaming Desktop Processor with Integrated Graphics and 16 (8P+8E) Cores up to 5.2 GHz Unlocked LGA1700 600 Series Chipset 125W,work,sure bought best term value performance,6/1/2023,Brian Klein,5,https://www.amazon.com/Intel-i9-12900K-Desktop-Processor-Unlocked/product-reviews/B09FXDLX95/ref=cm_cr_getr_d_paging_btm_next_5?ie=UTF8&reviewerType=all_reviews&filterByStar=five_star&pageNumber=5,positive
398,"Intel Core i3 (12th Gen) i3-12100 Quad-core (4 Core) 3.30 GHz Processor - Retail Pack, Blue",great power budget,built computer client budget using cpu power per dollar great board graphic good enough run game okay really tight budget,1/1/2024,Micah Mast,5,https://www.amazon.com/Intel-Core-i3-12100-Quad-core-Processor/product-reviews/B09NPHJLPT/ref=cm_cr_arp_d_viewopt_sr?ie=UTF8&reviewerType=all_reviews&filterByStar=five_star&pageNumber=1,positive
401,"Intel Core i3 (12th Gen) i3-12100 Quad-core (4 Core) 3.30 GHz Processor - Retail Pack, Blue",excellent value,great processor handle task imaginable computer build used processor nothing bad say would definitely use future build,5/1/2024,K. Prieto,5,https://www.amazon.com/Intel-Core-i3-12100-Quad-core-Processor/product-reviews/B09NPHJLPT/ref=cm_cr_arp_d_viewopt_sr?ie=UTF8&reviewerType=all_reviews&filterByStar=five_star&pageNumber=1,positive
133,Intel Core i7-12700KF Gaming Desktop Processor 12 (8P+4E) Cores up to 5.0 GHz Unlocked LGA1700 600 Series Chipset 125W,good cpu midrange,paired gtx run well minecraft heavily modded shaders forge run render distance cpu start bottleneck even game running server fps heavy cpu task like csgo game run amazing,4/1/2024,AllHolySimp,5,https://www.amazon.com/Intel-i7-12700KF-Desktop-Processor-Unlocked/product-reviews/B09FXKHN7M/ref=cm_cr_arp_d_viewopt_sr?ie=UTF8&reviewerType=all_reviews&filterByStar=five_star&pageNumber=1,positive
14,"Intel Core I5 12400F 12 Gen Generation Desktop Pc Processor 6, CPU with 18Mb Cache and Up to 4.40 Ghz Clock Speed Ddr5 and Ddr4 Ram Support Lga 1700 Socket, Micro ATX",superfastalder lake processor,must buy gamers,9/1/2022,DHEERAJ CHAUHAN,5,https://www.amazon.in/Intel-Generation-Desktop-Processor-Warranty/product-reviews/B09MDFH5HY/ref=cm_cr_getr_d_paging_btm_next_2?ie=UTF8&reviewerType=all_reviews&pageNumber=2&filterByStar=five_star,positive
650,Intel Core i9-13900K Desktop Processor 24 (8 P-cores + 16 E-cores) with Integrated Graphics - Unlocked,one powerful processor market,would recommend battle station could happier,9/1/2023,Carlos,5,https://www.amazon.com/Intel-i9-13900K-Desktop-Processor-P-cores/product-reviews/B0BCF54SR1/ref=cm_cr_getr_d_paging_btm_next_6?ie=UTF8&reviewerType=all_reviews&filterByStar=five_star&pageNumber=6,positive
310,Intel Core i9-12900K Gaming Desktop Processor with Integrated Graphics and 16 (8P+8E) Cores up to 5.2 GHz Unlocked LGA1700 600 Series Chipset 125W,perfect,work perfectly load work mostly architecture rendering,3/1/2024,aleqsandre1999,5,https://www.amazon.com/Intel-i9-12900K-Desktop-Processor-Unlocked/product-reviews/B09FXDLX95/ref=cm_cr_arp_d_viewopt_sr?ie=UTF8&reviewerType=all_reviews&filterByStar=five_star&pageNumber=1,positive
219,Intel Core i5-12600K Desktop Processor with Integrated Graphics and 10 (6P+4E) Cores up to 4.9 GHz Unlocked LGA1700 600 Series Chipset 125W,impressive,decided finally upgrade year old asus platform sli yes old asus tuf zktuf gamers edition old creating huge bottleneck issue gpu installed month prior difference must say finally stone age awe much thing changed gaming world current build smoke everything throw far admittedly game benchmark paired processor gpu water block aio corsair system cpu separate granzon custom loop gpu say wow fast boot time plus fps game like division medium setting highly recommend processorz motherboardgpu combo better option better performance absolutely money believe average gamer would hard pressed find significant issue platform skeptical first first processor ever purchased stated previously quite satisfied decision take leap faith highly recommend processor beat performance price point stick,11/1/2023,Sho'Nuff,5,https://www.amazon.com/Intel-i5-12600K-Desktop-Processor-Unlocked/product-reviews/B09FX4D72T/ref=cm_cr_arp_d_viewopt_sr?ie=UTF8&reviewerType=all_reviews&filterByStar=five_star&pageNumber=1,positive
